name,price,old_price,discount_percent,dimensions,sleeping_dimensions,url,image_url
Диван прямой Филс-Мини 120 Velvet Terra,41150.0,58790.0,30.0,,,https://www.divan.ru/product/divan-pryamoj-fils-mini-120-velvet-terra,https://cdn0.divan.ru/img/v1/s1rVZtVM4wuF5YJqLIz2WUNk_YGExcBCyuNTsga1yBI/t:0::0:0/pd:60:30:60:30/rs:fit:364:156:0:1:ce:0:0/g:ce:0:0/bg:f5f3f1/q:85/czM6Ly9kaXZhbi9wcm9kdWN0LzU2NDE1MzEucG5n.jpg
Диван прямой Мелоу Velvet Eclipse,80840.0,101420.0,20.0,205 x 112 x 92 см,205 x 160 x 46 см,https://www.divan.ru/product/divan-pryamoj-melou-velvet-eclipse,https://cdn0.divan.ru/img/v1/M7hPuzQCLf7ckEp0YBmUU6hQswn513gqQr2VsLvxnso/t:0::0:0/pd:60:30:60:30/rs:fit:364:156:0:1:ce:0:0/g:ce:0:0/bg:f5f3f1/q:85/czM6Ly9kaXZhbi9wcm9kdWN0LzU1OTA1NTQucG5n.jpg
Диван угловой Нордика мини Velvet Yellow,88190.0,117590.0,25.0,175 x 155 x 92 см,200 x 160 x 45 см,https://www.divan.ru/product/divan-uglovoj-nordika-mini-velvet-yellow,https://cdn0.divan.ru/img/v1/9TkX59DEtskjJ10YJWec0HQq_tyrhAyFfBYGH0C09S8/t:0::0:0/pd:30:30:30:30/rs:fit:364:216:0:1:ce:0:0/g:ce:0:0/bg:f5f3f1/q:85/czM6Ly9kaXZhbi9wcm9kdWN0LzUzMjI3MTMucG5n.jpg
Диван прямой Спейс Velvet Olive,99950.0,136700.0,26.0,252 x 115 x 83 см,200 x 155 x 38 см,https://www.divan.ru/product/divan-spejs-velvet-olive,https://cdn0.divan.ru/img/v1/qNfrRJpH8oxDezHGQMjU_3ZHoHRHax1Q136M5oFxFQk/t:0::0:0/pd:30:30:30:30/rs:fit:364:216:0:1:ce:0:0/g:ce:0:0/bg:f5f3f1/q:85/czM6Ly9kaXZhbi9wcm9kdWN0LzUyNTM3OTUucG5n.jpg
Диван прямой Аронт Мини Velvet Smoke,83780.0,105830.0,20.0,186 x 105 x 73 см,203 x 140 x 45 см,https://www.divan.ru/product/divan-pryamoj-aront-mini-velvet-smoke,https://cdn0.divan.ru/img/v1/7QYXYVlBhnof5Am1oQ0yeOgPZZyNX2sBTKOe98rTXK8/t:0::0:0/pd:60:30:60:30/rs:fit:364:156:0:1:ce:0:0/g:ce:0:0/bg:f5f3f1/q:85/czM6Ly9kaXZhbi9wcm9kdWN0LzU2MTg2MDQucG5n.jpg
Диван прямой Массе-М Мини Velvet Navy Blue,73490.0,86720.0,15.0,171 x 104 x 88 см,196 x 140 x 46 см,https://www.divan.ru/product/divan-pryamoj-masse-m-mini-velvet-navy-blue,https://cdn0.divan.ru/img/v1/4WauG3XdzG8kUp5FF2BEs2wHqLdfbvH9ZR-niuDBKJg/t:0::0:0/pd:60:30:60:30/rs:fit:364:156:0:1:ce:0:0/g:ce:0:0/bg:f5f3f1/q:85/czM6Ly9kaXZhbi9wcm9kdWN0LzU2MzM1MDEucG5n.jpg
Диван прямой Нумо-Мини 120 Textile Light,39680.0,64670.0,38.0,,,https://www.divan.ru/product/divan-numo-mini-textile-light,https://cdn0.divan.ru/img/v1/Li6okPUlurHHe180gaZEep8It7Y4wRpq7yOG79LgFXk/t:0::0:0/pd:60:30:60:30/rs:fit:364:156:0:1:ce:0:0/g:ce:0:0/bg:f5f3f1/q:85/czM6Ly9kaXZhbi9wcm9kdWN0LzU2OTExNjIucG5n.jpg
Диван прямой Клаймар Velvet Terra,92600.0,124940.0,25.0,228 x 117 x 90 см,201 x 157 x 45 см,https://www.divan.ru/product/divan-klajmar-velvet-terra,https://cdn0.divan.ru/img/v1/wz9eUNSeVlhCW-P_Y58ZTGBylFiBBo8mHIhPDt1nSm4/t:0::0:0/pd:30:30:30:30/rs:fit:364:216:0:1:ce:0:0/g:ce:0:0/bg:f5f3f1/q:85/czM6Ly9kaXZhbi9wcm9kdWN0LzUyMzkxMzYucG5n.jpg
Диван прямой Лонди Bunny Milk,80840.0,95540.0,15.0,168 x 90 x 75 см,,https://www.divan.ru/product/divan-londi-bunny-milk,https://cdn0.divan.ru/img/v1/PG65O9jWfhR2YiRy16MslJgZRUeWe24xREKgu5-CYqU/t:0::0:0/pd:60:30:60:30/rs:fit:364:156:0:1:ce:0:0/g:ce:0:0/bg:f5f3f1/q:85/czM6Ly9kaXZhbi9wcm9kdWN0LzU1NjcwNjkucG5n.jpg
Диван прямой Льери Мини Velvet Yellow,95540.0,136700.0,30.0,164 x 105 x 85 см,200 x 140 x 44 см,https://www.divan.ru/product/divan-leri-mini-velvet-yellow,https://cdn0.divan.ru/img/v1/KmWIqqKAoTT3f5GIfamU7TXwNjEQmksbSVudfwQ3N4w/t:0::0:0/pd:60:30:60:30/rs:fit:364:156:0:1:ce:0:0/g:ce:0:0/bg:f5f3f1/q:85/czM6Ly9kaXZhbi9wcm9kdWN0LzQ0NDI1NzIucG5n.jpg
Диван угловой Онте Bucle Eclipse,161690.0,191090.0,15.0,240 x 170 x 83 см,199 x 134 x 45 см,https://www.divan.ru/product/divan-uglovoj-onte-bucle-eclipse,https://cdn0.divan.ru/img/v1/i9-QsCX0LzoUo79rBH1Rehi5JWo9YtGaTbzaH7Nn1N4/t:0::0:0/pd:30:30:30:30/rs:fit:364:216:0:1:ce:0:0/g:ce:0:0/bg:f5f3f1/q:85/czM6Ly9kaXZhbi9wcm9kdWN0LzQ1MzY0OTQucG5n.jpg
Диван модульный Спейс-М 1 Lazy Latte,124910.0,145490.0,14.0,272 x 112 x 83 см,249 x 156 x 39 см,https://www.divan.ru/product/divan-modulnyj-spejs-m-1-lazy-latte,https://cdn0.divan.ru/img/v1/tWwEXPUdUYRrsc69qscLp4LSjHg_IGFuDe6iwSfZokU/t:0::0:0/pd:30:30:30:30/rs:fit:364:216:0:1:ce:0:0/g:ce:0:0/bg:f5f3f1/q:85/czM6Ly9kaXZhbi9wcm9kdWN0LzU2NTk5MTEucG5n.jpg
Диван прямой Эби Velvet Coral,98480.0,152870.0,35.0,254 x 122 x 87 см,200 x 158 x 42 см,https://www.divan.ru/product/divan-ebi-velvet-coral,https://cdn0.divan.ru/img/v1/DVqpORfn7lvilrAJuzvJSfdNLlsrQz3oV2CikA6T5Zo/t:0::0:0/pd:30:30:30:30/rs:fit:364:216:0:1:ce:0:0/g:ce:0:0/bg:f5f3f1/q:85/czM6Ly9kaXZhbi9wcm9kdWN0LzQ4NDI5NjQucG5n.jpg
Диван модульный Риббл-1 Bucle Mint,116110.0,,,243 x 108 x 72 см,,https://www.divan.ru/product/modulnyj-divan-ribbl-1-bucle-mint,https://cdn0.divan.ru/img/v1/tsl-b1YQJ8fPH_v7hHRBDISvZEjl0-rAFwx2dkkok_U/t:0::0:0/pd:30:30:30:30/rs:fit:364:216:0:1:ce:0:0/g:ce:0:0/bg:f5f3f1/q:85/czM6Ly9kaXZhbi9wcm9kdWN0LzQ4MTcxNjEucG5n.jpg
Диван прямой Виена Velvet Smoke,95540.0,129350.0,26.0,258 x 119 x 86 см,200 x 158 x 40 см,https://www.divan.ru/product/divan-viena-time-grey,https://cdn0.divan.ru/img/v1/RSPlppzUXM2l5RzmAm9WNYaZFe0HLMRYHMkMFE4vRZY/t:0::0:0/pd:30:30:30:30/rs:fit:364:216:0:1:ce:0:0/g:ce:0:0/bg:f5f3f1/q:85/czM6Ly9kaXZhbi9wcm9kdWN0LzQxNzAwNDcucG5n.jpg
Кушетка Ринт Bucle Yellow,32330.0,35270.0,8.0,130 x 55 x 84 см,,https://www.divan.ru/product/kushetka-rint-bucle-yellow,https://cdn0.divan.ru/img/v1/a3-abJ2zPqkLKjhqYACnNpaDvSlBko8q_j6TRhFFBOE/t:0::0:0/pd:30:30:30:30/rs:fit:364:216:0:1:ce:0:0/g:ce:0:0/bg:f5f3f1/q:85/czM6Ly9kaXZhbi9wcm9kdWN0LzUxOTY3MzEucG5n.jpg
Диван модульный Brera-7 Velour Mix,263090.0,,,286 x 155 x 75 см,,https://www.divan.ru/product/modulnyj-divan-brera-7-velour-mix,https://cdn0.divan.ru/img/v1/VjaEFpkHgjIU0aSrgBulEtppfqyj5Nmpw36zB3hOQGo/t:0::0:0/pd:30:30:30:30/rs:fit:364:216:0:1:ce:0:0/g:ce:0:0/bg:f5f3f1/q:85/czM6Ly9kaXZhbi9wcm9kdWN0LzUwNTk2MTcucG5n.jpg
Диван угловой Эдвин Velvet Terra,113180.0,151400.0,25.0,260 x 156 x 90 см,199 x 138 x 47 см,https://www.divan.ru/product/divan-uglovoj-edvin-velvet-terra,https://cdn0.divan.ru/img/v1/zj-vqCd1vc9jPDExEPyuFDkI76MECMCFWkGfUFWNNIw/t:0::0:0/pd:30:30:30:30/rs:fit:364:216:0:1:ce:0:0/g:ce:0:0/bg:f5f3f1/q:85/czM6Ly9kaXZhbi9wcm9kdWN0LzUwNzQ2MzAucG5n.jpg
Диван угловой Аллаум Linia Stone,83780.0,105830.0,20.0,214 x 152 x 94 см,200 x 135 x 45 см,https://www.divan.ru/product/divan-uglovoj-allaum-linia-stone,https://cdn0.divan.ru/img/v1/DwV_mO2ul2_mvD64HDInpGrEtmEYJkSgkycwSFUo5vw/t:0::0:0/pd:30:30:30:30/rs:fit:364:216:0:1:ce:0:0/g:ce:0:0/bg:f5f3f1/q:85/czM6Ly9kaXZhbi9wcm9kdWN0LzUzMzU3NTIucG5n.jpg
Диван модульный Спейс-М 5 Lazy Midnight,290980.0,342430.0,15.0,439 x 235 x 83 см,396 x 156 x 39 см,https://www.divan.ru/product/divan-modulnyj-spejs-m-5-lazy-midnight,https://cdn0.divan.ru/img/v1/1x3ITXqxdLwiNnLJUjdtxvmJ1Nqul_FaLiIRNHvgtjU/t:0::0:0/pd:30:30:30:30/rs:fit:364:216:0:1:ce:0:0/g:ce:0:0/bg:f5f3f1/q:85/czM6Ly9kaXZhbi9wcm9kdWN0LzU2NTk4ODMucG5n.jpg
Диван прямой Сваут Velvet Mustard,99950.0,127880.0,21.0,215 x 104 x 86 см,196 x 150 x 43 см,https://www.divan.ru/product/divan-svaut-velvet-mustard,https://cdn0.divan.ru/img/v1/io6K2YjfbDpDpbDZ30NLKBfZx-frhHGSaBfPtDPefR8/t:0::0:0/pd:30:30:30:30/rs:fit:364:216:0:1:ce:0:0/g:ce:0:0/bg:f5f3f1/q:85/czM6Ly9kaXZhbi9wcm9kdWN0LzQxNzY3NDcucG5n.jpg
Диван угловой Аронт Мини Velvet Pink,88190.0,110240.0,20.0,186 x 151 x 73 см,206 x 141 x 44 см,https://www.divan.ru/product/divan-uglovoj-aront-mini-velvet-pink,https://cdn0.divan.ru/img/v1/vEyMDKCoRvKFEV284babFKZ20THC1z5q9yOxWtz-Rxk/t:0::0:0/pd:30:30:30:30/rs:fit:364:216:0:1:ce:0:0/g:ce:0:0/bg:f5f3f1/q:85/czM6Ly9kaXZhbi9wcm9kdWN0LzQ5MDc5OTkucG5n.jpg
Диван модульный Маиль-3 Textile Latte,255740.0,,,387 x 170 x 81 см,319 x 148 x 44 см,https://www.divan.ru/product/divan-modulnyj-mail-3-textile-latte,https://cdn0.divan.ru/img/v1/zFTWCdbWDAMz_qKlBPr6xoshzUZz-Ucobk9J_f3_XdY/t:0::0:0/pd:30:30:30:30/rs:fit:364:216:0:1:ce:0:0/g:ce:0:0/bg:f5f3f1/q:85/czM6Ly9kaXZhbi9wcm9kdWN0LzU2MTExNzEucG5n.jpg
Диван прямой Инес Vertical Blue,70550.0,108770.0,35.0,150 x 96 x 88 см,198 x 120 x 47 см,https://www.divan.ru/product/divan-ines-vertical-blue,https://cdn0.divan.ru/img/v1/VTkKWqyVcZ1eDQNgJR8vLzOORBUZseGY_v5PFFKDkQo/t:0::0:0/pd:60:30:60:30/rs:fit:364:156:0:1:ce:0:0/g:ce:0:0/bg:f5f3f1/q:85/czM6Ly9kaXZhbi9wcm9kdWN0LzUwOTgxMjIucG5n.jpg
Диван угловой Дарол Velvet Silver,101420.0,145520.0,30.0,267 x 154 x 100 см,209 x 139 x 42 см,https://www.divan.ru/product/divan-uglovoj-darol-velvet-silver,https://cdn0.divan.ru/img/v1/pLqGAXDnNlmS85mkCGMYiacRvA57DvQID9rSM6_xy0g/t:0::0:0/pd:30:30:30:30/rs:fit:364:216:0:1:ce:0:0/g:ce:0:0/bg:f5f3f1/q:85/czM6Ly9kaXZhbi9wcm9kdWN0LzUyMTk5NTgucG5n.jpg
Диван угловой Нордика мини Velvet Coral,88190.0,117590.0,25.0,175 x 155 x 92 см,200 x 160 x 45 см,https://www.divan.ru/product/divan-uglovoj-nordika-mini-velvet-coral,https://cdn0.divan.ru/img/v1/oXiqYRPgieVxwwZcCZ5RCZLs92cKgm5IqzjHd5VGWeU/t:0::0:0/pd:30:30:30:30/rs:fit:364:216:0:1:ce:0:0/g:ce:0:0/bg:f5f3f1/q:85/czM6Ly9kaXZhbi9wcm9kdWN0LzUzMjI1NzgucG5n.jpg
Диван прямой Бонент Velvet Eclipse,122000.0,176390.0,30.0,250 x 116 x 82 см,190 x 150 x 44 см,https://www.divan.ru/product/divan-bonent-velvet-eclipse,https://cdn0.divan.ru/img/v1/dXaLMzBet-b2ZD72yDxQjchSRRO5ZpyXe6aJdxJKOYM/t:0::0:0/pd:30:30:30:30/rs:fit:364:216:0:1:ce:0:0/g:ce:0:0/bg:f5f3f1/q:85/czM6Ly9kaXZhbi9wcm9kdWN0LzQ4Nzk4NDAucG5n.jpg
Диван прямой Эби Мини Linia Mint,88190.0,126410.0,30.0,180 x 108 x 87 см,202 x 140 x 42 см,https://www.divan.ru/product/divan-abi-mini-linia-mint,https://cdn0.divan.ru/img/v1/bRhU6YGSlmTTuy48BfQTZS-YZOLpVOEcik5Hh-RC1mk/t:0::0:0/pd:60:30:60:30/rs:fit:364:156:0:1:ce:0:0/g:ce:0:0/bg:f5f3f1/q:85/czM6Ly9kaXZhbi9wcm9kdWN0LzQ0MTA4NDcucG5n.jpg
Диван прямой Роттердам Velvet Yellow,41150.0,51440.0,20.0,148 x 86 x 87 см,,https://www.divan.ru/product/divan-rotterdam-velvet-yellow-new,https://cdn0.divan.ru/img/v1/_q_1-FJwPXuzBEkqEhqd0Jz775Utk8uf2cpl57qpHAw/t:0::0:0/pd:60:30:60:30/rs:fit:364:156:0:1:ce:0:0/g:ce:0:0/bg:f5f3f1/q:85/czM6Ly9kaXZhbi9wcm9kdWN0LzUyMzcwMDMucG5n.jpg
Диван прямой Бруквиль Velvet Blue,80840.0,108770.0,25.0,171 x 102 x 94 см,201 x 140 x 46 см,https://www.divan.ru/product/divan-brukvil-velvet-blue,https://cdn0.divan.ru/img/v1/EVArwZ0FutBAbbM0pQJOHW5AmVNpH5t6HpYqRI9Kd38/t:0::0:0/pd:60:30:60:30/rs:fit:364:156:0:1:ce:0:0/g:ce:0:0/bg:f5f3f1/q:85/czM6Ly9kaXZhbi9wcm9kdWN0LzQ4NDIxODkucG5n.jpg
Диван прямой Слипсон Мини Linia Stone,70550.0,88190.0,20.0,157 x 105 x 104 см,199 x 139 x 44 см,https://www.divan.ru/product/divan-slipson-mini-linia-stone,https://cdn0.divan.ru/img/v1/YNVCuWrOpPaC8Wt4Ye41K7edw2xyw4I2o3JgciNGRPg/t:0::0:0/pd:60:30:60:30/rs:fit:364:156:0:1:ce:0:0/g:ce:0:0/bg:f5f3f1/q:85/czM6Ly9kaXZhbi9wcm9kdWN0LzUzNDY1MzcucG5n.jpg
Диван угловой Динс Velvet Navy Blue,95540.0,120530.0,20.0,219 x 142 x 90 см,194 x 138 x 46 см,https://www.divan.ru/product/divan-uglovoj-dins-velvet-navy-blue-old-10-04-2024,https://cdn0.divan.ru/img/v1/R-YgYI2-4j3aZyHIMkrxkNMdmmJWYy4bAMNeAiBAYOA/t:0::0:0/pd:30:30:30:30/rs:fit:364:216:0:1:ce:0:0/g:ce:0:0/bg:f5f3f1/q:85/czM6Ly9kaXZhbi9wcm9kdWN0LzQ4NTY2MzMucG5n.jpg
Диван прямой Кейсес Velvet Grey,39680.0,54380.0,27.0,135 x 78 x 87 см,197 x 120 x 34 см,https://www.divan.ru/product/divan-kejses-velvet-grey,https://cdn0.divan.ru/img/v1/W5CSfyCy-Zr455qpjSCH8q9Qc2FennODK4ODmGBdMj4/t:0::0:0/pd:60:30:60:30/rs:fit:364:156:0:1:ce:0:0/g:ce:0:0/bg:f5f3f1/q:85/czM6Ly9kaXZhbi9wcm9kdWN0LzQ3OTMxOTgucG5n.jpg
Диван прямой Стаус Velvet Caramel,48500.0,60260.0,19.0,201 x 92 x 89 см,201 x 135 x 42 см,https://www.divan.ru/product/divan-staus-velvet-caramel,https://cdn0.divan.ru/img/v1/bqPsnnDWoENE8x1_eSZz6-dJwINpBFNA6ViKtdtcp_g/t:0::0:0/pd:60:30:60:30/rs:fit:364:156:0:1:ce:0:0/g:ce:0:0/bg:f5f3f1/q:85/czM6Ly9kaXZhbi9wcm9kdWN0LzUwNTA5MDQucG5n.jpg
Диван прямой Види Textile Ocean,36740.0,66140.0,44.0,146 x 78 x 87 см,197 x 120 x 34 см,https://www.divan.ru/product/divan-vidi-textile-ocean,https://cdn0.divan.ru/img/v1/WvgDYg6B4Gnb46wQ4vSy1yDMeWsi9OrA5NOolbGFzLE/t:0::0:0/pd:60:30:60:30/rs:fit:364:156:0:1:ce:0:0/g:ce:0:0/bg:f5f3f1/q:85/czM6Ly9kaXZhbi9wcm9kdWN0LzQ0ODg2MzYucG5n.jpg
Диван прямой Бонс-Т Velvet Emerald,63200.0,91130.0,30.0,197 x 100 x 90 см,190 x 120 x 44 см,https://www.divan.ru/product/divan-bons-t-velvet-emerald,https://cdn0.divan.ru/img/v1/AW9cFlXmMMC-BnZoFHMrS-AZgOMVW90y5kXvlxEPP54/t:0::0:0/pd:60:30:60:30/rs:fit:364:156:0:1:ce:0:0/g:ce:0:0/bg:f5f3f1/q:85/czM6Ly9kaXZhbi9wcm9kdWN0LzUyMTg3MjIucG5n.jpg
Диван прямой Виенсо Bucle Sand,117590.0,139640.0,15.0,210 x 90 x 77 см,173 x 57 x 45 см,https://www.divan.ru/product/divan-vienso-bucle-sand,https://cdn0.divan.ru/img/v1/UklIkawvWOJtuFBbi7juiMqYo0DRl352InL88mGQKAY/t:0::0:0/pd:60:30:60:30/rs:fit:364:156:0:1:ce:0:0/g:ce:0:0/bg:f5f3f1/q:85/czM6Ly9kaXZhbi9wcm9kdWN0LzQ2NjQyMjgucG5n.jpg
Диван прямой Лави Velvet Yellow,67610.0,97010.0,30.0,141 x 104 x 87 см,198 x 120 x 40 см,https://www.divan.ru/product/divan-lavi-velvet-yellow,https://cdn0.divan.ru/img/v1/MFWQJRsuvwG1oV6VR-HQdDe3vhXHr3CLUSPKj3-BVn8/t:0::0:0/pd:60:30:60:30/rs:fit:364:156:0:1:ce:0:0/g:ce:0:0/bg:f5f3f1/q:85/czM6Ly9kaXZhbi9wcm9kdWN0LzUwOTE1MDQucG5n.jpg
Диван прямой Риен Velvet Smoke,83780.0,110240.0,24.0,216 x 90 x 86 см,190 x 111 x 44 см,https://www.divan.ru/product/divan-rien-velvet-smoke,https://cdn0.divan.ru/img/v1/p1jZPFL9HontdCZbzkeWjyAi8oXuw6pcYugZfDYIqYI/t:0::0:0/pd:30:30:30:30/rs:fit:364:216:0:1:ce:0:0/g:ce:0:0/bg:f5f3f1/q:85/czM6Ly9kaXZhbi9wcm9kdWN0LzUyOTQ5ODkucG5n.jpg
Диван угловой Вильен мини Velvet Terra,92600.0,124940.0,25.0,180 x 155 x 98 см,200 x 140 x 45 см,https://www.divan.ru/product/divan-uglovoj-vilen-mini-velvet-terra,https://cdn0.divan.ru/img/v1/RAHu40h2r6p3Nf4BmGYAEV43baa_V2murjkZ8AAuKW4/t:0::0:0/pd:30:30:30:30/rs:fit:364:216:0:1:ce:0:0/g:ce:0:0/bg:f5f3f1/q:85/czM6Ly9kaXZhbi9wcm9kdWN0LzUzMjI5MzgucG5n.jpg
Диван прямой Пайпел Bucle Grafit,88190.0,104360.0,15.0,160 x 87 x 74 см,,https://www.divan.ru/product/divan-pajpel-bucle-grafit,https://cdn0.divan.ru/img/v1/v9k6IiTkNemkwi6jQc99eB0EDEK1m7fCRRjJlKTdVqI/t:0::0:0/pd:60:30:60:30/rs:fit:364:156:0:1:ce:0:0/g:ce:0:0/bg:f5f3f1/q:85/czM6Ly9kaXZhbi9wcm9kdWN0LzUyMjQ1NjYucG5n.jpg
Диван прямой Мейлон Velvet Beige,80840.0,108770.0,25.0,250 x 104 x 85 см,200 x 156 x 42 см,https://www.divan.ru/product/divan-mejlon-velvet-beige,https://cdn0.divan.ru/img/v1/0Wb8aB08tlH4xh01hUFmffxUHA99AceIvgqYjbS5uM4/t:0::0:0/pd:30:30:30:30/rs:fit:364:216:0:1:ce:0:0/g:ce:0:0/bg:f5f3f1/q:85/czM6Ly9kaXZhbi9wcm9kdWN0LzUyMzA1NjkucG5n.jpg
Диван прямой Марей Soft Grey,142580.0,179330.0,20.0,259 x 110 x 88 см,192 x 160 x 44 см,https://www.divan.ru/product/divan-marej-soft-grey,https://cdn0.divan.ru/img/v1/A2DUqcai0DjdUVx2IMfKwnK2KSTzixVe6ScbPofHGfw/t:0::0:0/pd:30:30:30:30/rs:fit:364:216:0:1:ce:0:0/g:ce:0:0/bg:f5f3f1/q:85/czM6Ly9kaXZhbi9wcm9kdWN0LzUxODkwMDUucG5n.jpg
Диван прямой Сорен Textile Yellow,102890.0,122000.0,15.0,177 x 96 x 86 см,,https://www.divan.ru/product/divan-soren-textile-yellow,https://cdn0.divan.ru/img/v1/5D6iu6vMnOzKREB-BCmj4mZr5aGC6Ed7ekb5n-P968U/t:0::0:0/pd:60:30:60:30/rs:fit:364:156:0:1:ce:0:0/g:ce:0:0/bg:f5f3f1/q:85/czM6Ly9kaXZhbi9wcm9kdWN0LzQ5Mzc2ODMucG5n.jpg
Диван прямой Лачи Velvet Yellow,51440.0,69080.0,25.0,198 x 92 x 90 см,198 x 130 x 45 см,https://www.divan.ru/product/divan-lachi-velvet-yellow,https://cdn0.divan.ru/img/v1/CfHNhWwE_6sSFct-DcnO_ykP157XgmX6kM1da_bMwQ0/t:0::0:0/pd:60:30:60:30/rs:fit:364:156:0:1:ce:0:0/g:ce:0:0/bg:f5f3f1/q:85/czM6Ly9kaXZhbi9wcm9kdWN0LzQzOTcwOTYucG5n.jpg
Диван прямой Данста Velvet Light,102890.0,138170.0,25.0,215 x 102 x 83 см,195 x 150 x 45 см,https://www.divan.ru/product/divan-dansta-velvet-light,https://cdn0.divan.ru/img/v1/f92nOn7XjjY25d3oxbEehS-9rSzqHnMqnPN65bnh7cw/t:0::0:0/pd:30:30:30:30/rs:fit:364:216:0:1:ce:0:0/g:ce:0:0/bg:f5f3f1/q:85/czM6Ly9kaXZhbi9wcm9kdWN0LzQ4MTEzMjAucG5n.jpg
Диван угловой Шера Velvet Olive,161690.0,191090.0,15.0,320 x 155 x 99 см,202 x 153 x 47 см,https://www.divan.ru/product/divan-uglovoj-shera-velvet-olive,https://cdn0.divan.ru/img/v1/4kwo1v_YdF_NFEr6RC8mmqbIl5FdcZyy0QSh4MQs-0E/t:0::0:0/pd:30:30:30:30/rs:fit:364:216:0:1:ce:0:0/g:ce:0:0/bg:f5f3f1/q:85/czM6Ly9kaXZhbi9wcm9kdWN0LzQ5MDUzNDAucG5n.jpg
Диван прямой Викс Textile Grafit,36740.0,39680.0,7.0,198 x 90 x 83 см,198 x 130 x 40 см,https://www.divan.ru/product/divan-viks-textile-grafit,https://cdn0.divan.ru/img/v1/82qPZHJ9fHVoSxBHT2YQhxW6g_gtW39TtnRcIJdiPxQ/t:0::0:0/pd:60:30:60:30/rs:fit:364:156:0:1:ce:0:0/g:ce:0:0/bg:f5f3f1/q:85/czM6Ly9kaXZhbi9wcm9kdWN0LzUwMTM4NDEucG5n.jpg
Диван 49,,,,,,,
Диван 50,,,,,,,
Диван 51,,,,,,,
Диван 52,,,,,,,
Диван 53,,,,,,,
